dataset,method,AUPRC,AUROC,elapsed
pbmc-1A-dm,scDblFinder.Py.clusters,0.5230322626259073,0.8206497797356829,153.1461057662964
pbmc-1A-dm,scDblFinder.Py.random,0.5305716225004984,0.8241084539542689,6.911128759384155
