dataset,method,AUPRC,AUROC,elapsed
hm-6k,scDblFinder.Py.clusters,0.9897824837603384,0.9996959240603392,658.6008853912354
hm-6k,scDblFinder.Py.random,0.9563696770103048,0.9990388556168114,21.171462535858154
