dataset,method,AUPRC,AUROC,elapsed
pbmc-1B-dm,scDblFinder.Py.clusters,0.405994331709141,0.779808743169399,202.7683560848236
pbmc-1B-dm,scDblFinder.Py.random,0.39400742211235856,0.7867843631778058,9.49513840675354
