dataset,method,AUPRC,AUROC,elapsed
pbmc-ch,scDblFinder.Py.clusters,0.5833224201152436,0.5,3618.3405792713165
pbmc-ch,scDblFinder.Py.random,0.5833224201152436,0.5,15.450814008712769
