dataset,method,AUPRC,AUROC,elapsed
hm-12k,scDblFinder.Py.clusters,0.9450624326859826,0.9970457867364628,2625.7165253162384
hm-12k,scDblFinder.Py.random,0.9002878319860914,0.9946284713960366,56.48960614204407
