dataset,method,AUPRC,AUROC,elapsed
J293t-dm,scDblFinder.Py.clusters,0.2215210789550746,0.5380536494073612,365.25447154045105
J293t-dm,scDblFinder.Py.random,0.17705694315498888,0.49838843834477026,3.0324313640594482
