dataset,method,AUPRC,AUROC,elapsed
pdx-MULTI,scDblFinder.Py.clusters,0.44405583304064977,0.7446281685021737,1534.9402108192444
pdx-MULTI,scDblFinder.Py.random,0.4285730583739646,0.7234392693725671,43.49594283103943
