dataset,method,AUPRC,AUROC,elapsed
pbmc-ch,scDblFinder.Py.clusters,0.6292756241805749,0.8238988225301994,3648.729297876358
pbmc-ch,scDblFinder.Py.random,0.6343297771869371,0.819770229990755,85.13407468795776
